kode	nama_barang
trans1	item7
trans1	item14
trans1	Baju Renang Pria Anak-anak
trans1	Tas Makeup
trans1	item35
trans2	item31
trans2	item35
trans3	item9
trans3	item14
trans4	item14
trans4	item18
trans5	item9
trans5	item14
trans5	item29
trans5	item35
trans6	item12
trans6	item31
trans7	item9
trans7	item12
trans7	item35
trans8	item11
trans8	item29
trans9	item9
trans9	item20
trans10	item31
trans10	item38
trans11	item9
trans11	item14
trans11	item29
trans11	item35
trans12	item13
trans12	item14
trans12	item29
trans13	item7
trans13	item8
trans13	item16
trans13	item18
trans14	item19
trans14	item35
trans15	item20
trans15	item35
trans16	item11
trans16	item14
trans16	item16
trans16	item35
trans17	item3
trans17	item12
trans17	item31
trans17	item35
trans18	item14
trans19	item9
trans19	item14
trans19	item17
trans19	item23
trans20	item9
trans20	item23
trans20	item29
trans20	item31
trans20	item35
trans21	item9
trans21	item14
trans21	item29
trans22	item12
trans22	item19
trans22	item35
trans23	item9
trans23	item12
trans23	item19
trans23	item35
trans24	item30
trans25	item3
trans25	item14
trans25	item32
trans26	item16
trans26	item29
trans26	item35
trans27	item7
trans27	item8
trans27	item16
trans27	item18
trans28	item21
trans28	item31
trans29	item9
trans29	item16
trans29	item31
trans30	item8
trans30	item9
trans30	item19
trans30	item31
trans30	item35
trans31	item21
trans31	item31
trans32	item3
trans32	item6
trans32	item11
trans32	item19
trans32	item29
trans33	item8
trans33	item9
trans33	item14
trans33	item16
trans33	item19
trans33	item20
trans34	item9
trans34	item35
trans34	item38
trans35	item21
trans35	item31
trans36	item16
trans37	item9
trans37	item14
trans37	item17
trans37	item23
trans38	item3
trans38	item9
trans38	item14
trans38	item31
trans38	item32
trans39	item3
trans39	item9
trans39	item14
trans39	item31
trans39	item32
trans40	item9
trans40	item16
trans40	item29
trans40	item35
trans40	item38
trans41	item9
trans41	item35
trans41	item38
trans42	item11
trans42	item29
trans43	item1
trans43	item37
trans44	item16
trans44	item29
trans44	item35
trans45	item9
trans45	item13
trans45	item31
trans46	item9
trans46	item30
trans47	item17
trans47	item21
trans47	item31
trans48	item20
trans48	item31
trans48	item33
trans48	item35
trans49	item9
trans49	item35
trans49	item38
trans50	item20
trans50	item31
trans50	item33
trans50	item35
trans51	item21
trans51	item31
trans52	item3
trans52	item9
trans52	item14
trans52	item31
trans52	item32
trans53	item9
trans53	item14
trans53	item27
trans53	item29
trans53	item35
trans54	item9
trans54	item14
trans54	item29
trans54	item35
trans55	item9
trans55	item35
trans55	item38
trans56	item9
trans56	item14
trans56	item17
trans56	item23
trans57	item16
trans57	item29
trans57	item35
trans58	item3
trans58	item9
trans58	item14
trans58	item31
trans58	item32
trans59	item3
trans59	item9
trans59	item14
trans59	item31
trans59	item32
trans60	item9
trans60	item14
trans60	item27
trans60	item29
trans60	item35
trans61	item9
trans61	item39
trans62	item31
trans62	item38
trans63	item16
trans63	item29
trans63	item35
trans64	item16
trans64	item29
trans65	item9
trans65	item29
trans66	item35
trans67	item9
trans67	item14
trans67	item17
trans67	item23
trans68	item16
trans68	item29
trans68	item35
trans69	item9
trans70	item9
trans70	item30
trans71	item16
trans71	item25
trans72	item7
trans72	item14
trans72	Baju Renang Pria Anak-anak
trans72	Tas Makeup
trans72	item35
trans73	item9
trans73	item14
trans73	item27
trans73	item29
trans73	item35
trans74	item3
trans74	item9
trans74	item14
trans74	item31
trans74	item32
trans75	item9
trans75	item14
trans75	item17
trans75	item23
trans76	item31
trans76	item35
trans77	item35
trans78	item16
trans78	item29
trans79	item21
trans79	item31
trans80	item20
trans80	item31
trans80	item33
trans80	item35
trans81	item21
trans81	item31
trans81	item33
trans82	item3
trans82	item9
trans82	item14
trans82	item31
trans82	item32
trans83	item9
trans83	item35
trans83	item38
trans84	item31
trans84	item38
trans85	item7
trans85	item8
trans86	item9
trans86	item35
trans86	item38
trans87	item3
trans87	item9
trans87	item14
trans87	item31
trans88	item31
trans89	item3
trans89	item9
trans89	item35
trans90	item14
trans91	item21
trans91	item31
trans92	item9
trans92	item29
trans93	item9
trans93	item14
trans93	item27
trans93	item29
trans93	item35
trans94	item21
trans94	item31
trans94	item35
trans95	item21
trans95	item31
trans96	item3
trans96	item12
trans96	item31
trans96	item35
trans97	item20
trans97	item31
trans97	item33
trans97	item35
trans98	item17
trans99	item9
trans99	item35
trans99	item38
trans100	item3
trans100	item14
trans100	item31
trans100	item32
trans101	item16
trans101	item29
trans101	item35
trans102	item35
trans103	item1
trans104	item11
trans104	item29
trans105	item20
trans105	item31
trans105	item33
trans105	item35
trans106	item20
trans106	item31
trans106	item33
trans106	item35
trans107	item9
trans107	item20
trans108	item9
trans108	item14
trans109	item20
trans110	item16
trans110	item29
trans110	item35
trans111	item9
trans111	item14
trans111	item17
trans111	item23
trans112	item29
trans112	item35
trans113	item21
trans113	item31
trans114	item21
trans114	item31
trans114	item35
trans115	item3
trans115	item9
trans115	item14
trans115	item16
trans115	item19
trans115	item35
trans116	item9
trans116	item20
trans117	item9
trans117	item14
trans117	item29
trans117	item35
trans118	item9
trans118	item12
trans118	item35
trans119	item3
trans119	item9
trans119	item14
trans119	item31
trans119	item32
trans120	item8
trans120	item9
trans120	item16
trans120	item29
trans120	item38
trans121	item20
trans121	item31
trans121	item33
trans121	item35
trans122	item9
trans122	item14
trans122	item27
trans122	item29
trans122	item35
trans123	item8
trans123	item9
trans123	item16
trans123	item29
trans123	item38
trans124	item14
trans124	item31
trans124	item38
trans125	item9
trans125	item14
trans125	item17
trans125	item23
trans126	item17
trans126	item18
trans127	item9
trans127	item29
trans127	item35
trans128	item3
trans128	item9
trans128	item14
trans128	item31
trans128	item32
trans129	item9
trans129	item14
trans129	item27
trans129	item29
trans129	item35
trans130	item9
trans130	item20
trans131	item21
trans131	item31
trans132	item9
trans132	item14
trans133	item3
trans133	item9
trans133	item14
trans133	item19
trans133	item35
trans134	item5
trans134	item6
trans134	item9
trans134	item35
trans134	item36
trans135	item21
trans135	item31
trans135	item35
trans136	item21
trans136	item31
trans137	item9
trans137	item29
trans138	item9
trans138	item14
trans138	item31
trans139	item9
trans139	item14
trans139	item27
trans139	item29
trans139	item35
trans140	item16
trans140	item25
trans140	item35
trans141	item17
trans141	item19
trans141	item35
trans142	item8
trans142	item9
trans142	item19
trans142	item31
trans142	item35
trans143	item20
trans143	item31
trans143	item33
trans143	item35
trans144	item9
trans144	item12
trans144	item35
trans145	item3
trans145	item9
trans145	item11
trans145	item16
trans145	item21
trans145	item29
trans145	item35
trans145	item38
trans146	item9
trans146	item35
trans146	item36
trans147	item7
trans147	item8
trans147	item16
trans147	item18
trans148	item9
trans148	item35
trans148	item38
trans149	item20
trans150	item1
trans150	item20
trans150	item21
trans150	item31
trans150	item33
trans150	item35
trans151	item9
trans151	item14
trans151	item29
trans151	item35
trans152	item3
trans152	item6
trans152	item11
trans152	item19
trans153	item9
trans153	item29
trans154	item7
trans154	item14
trans154	Baju Renang Pria Anak-anak
trans154	Tas Makeup
trans154	item35
trans155	item20
trans155	item31
trans155	item33
trans155	item35
trans156	item16
trans156	item17
trans156	item29
trans157	item3
trans157	item16
trans157	item29
trans157	item38
trans158	item21
trans158	item29
trans158	item35
trans159	item11
trans159	item29
trans160	item16
trans160	item29
trans161	item21
trans161	item31
trans161	item35
trans162	item3
trans162	item9
trans162	item14
trans162	item31
trans162	item32
trans163	item1
trans163	item37
trans164	item9
trans164	item14
trans164	item17
trans164	item31
trans165	item35
trans166	item35
trans167	item9
trans167	item14
trans167	item29
trans167	item35
trans168	item8
trans168	item9
trans168	item16
trans168	item29
trans168	item38
trans169	item5
trans169	item6
trans169	item36
trans170	item7
trans170	item8
trans170	item16
trans170	item18
trans171	item31
trans171	item38
trans172	item16
trans172	item17
trans173	item9
trans173	item14
trans173	item17
trans173	item23
trans174	item9
trans174	item14
trans174	item27
trans174	item29
trans174	item35
trans175	item3
trans175	item9
trans175	item14
trans175	item31
trans175	item32
trans176	item9
trans176	item35
trans176	item38
trans177	item9
trans177	item16
trans177	item29
trans177	item31
trans177	item38
trans178	item9
trans178	item35
trans178	item38
trans179	item11
trans179	item29
trans180	item9
trans180	item14
trans180	item17
trans180	item23
trans181	item14
trans181	item17
trans181	item18
trans182	item9
trans182	item12
trans182	item35
trans183	item9
trans183	item35
trans183	item38
trans184	item23
trans184	item35
trans185	item9
trans185	item14
trans185	item17
trans185	item23
trans186	item9
trans186	item35
trans186	item38
trans187	item13
trans187	item14
trans187	item29
trans188	item16
trans188	item25
trans188	item35
trans189	item35
trans190	item9
trans190	item39
trans191	item21
trans191	item31
trans192	item11
trans192	item29
trans193	item9
trans193	item14
trans193	item20
trans194	item9
trans194	item35
trans194	item38
trans195	item3
trans195	item9
trans195	item14
trans195	item31
trans195	item32
trans196	item17
trans196	item35
trans197	item20
trans197	item31
trans197	item33
trans197	item35
trans198	item9
trans198	item14
trans198	item19
trans198	item35
trans199	item9
trans199	item19
trans199	item35
trans200	item11
trans200	item29
trans201	item9
trans201	item14
trans201	item27
trans201	item29
trans201	item35
trans202	item21
trans202	item31
trans203	item9
trans203	item20
trans204	item14
trans205	item7
trans205	item8
trans205	item16
trans205	item18
trans206	item12
trans206	item31
trans206	item35
trans207	item7
trans207	item14
trans207	Baju Renang Pria Anak-anak
trans207	Tas Makeup
trans207	item35
trans208	item3
trans208	item9
trans208	item32
trans209	item8
trans209	item9
trans209	item19
trans209	item31
trans209	item35
trans210	item35
trans211	item11
trans211	item29
trans212	item3
trans212	item9
trans212	item14
trans212	item19
trans212	item35
trans213	item6
trans213	item35
trans214	item12
trans214	item31
trans214	item35
trans215	item9
trans215	item14
trans215	item17
trans215	item20
trans215	item23
trans216	item9
trans216	item35
trans216	item38
trans217	item16
trans217	item25
trans217	item35
trans218	item14
trans218	item17
trans219	item17
trans219	item26
trans219	item33
trans219	item35
trans220	item16
trans221	item11
trans221	item14
trans221	item16
trans221	item35
trans222	item9
trans222	item14
trans222	item27
trans222	item29
trans222	item35
trans223	item9
trans223	item29
trans224	item14
trans224	item35
trans225	item9
trans225	item14
trans225	item17
trans225	item21
trans225	item23
trans225	item31
trans226	item16
trans226	item29
trans227	item16
trans227	item29
trans227	item35
trans228	item9
trans228	item14
trans228	item29
trans228	item35
trans229	item19
trans229	item21
trans229	item29
trans230	item14
trans230	item17
trans230	item18
trans231	item3
trans231	item9
trans231	item16
trans231	item31
trans231	item35
trans232	item9
trans232	item35
trans232	item38
trans233	item11
trans233	item29
trans234	item12
trans234	item31
trans235	item3
trans235	item9
trans235	item14
trans235	item19
trans235	item35
trans236	item9
trans236	item35
trans236	item38
trans237	item31
trans237	item35
trans238	item3
trans238	item9
trans238	item14
trans238	item19
trans238	item35
trans239	item9
trans239	item35
trans239	item38
trans240	item3
trans240	item9
trans240	item14
trans240	item31
trans240	item32
trans241	item16
trans241	item29
trans241	item35
trans242	item21
trans242	item29
trans242	item31
trans243	item8
trans243	item9
trans243	item19
trans243	item31
trans243	item35
trans244	item9
trans244	item14
trans244	item29
trans244	item35
trans245	item25
trans245	item35
trans246	item14
trans247	item35
trans248	item16
trans248	item19
trans248	item29
trans249	item31
trans250	item14
trans250	item19
trans250	item35
trans251	item11
trans251	item14
trans251	item16
trans251	item35
trans252	item11
trans252	item29
trans253	item3
trans253	item6
trans253	item11
trans253	item19
trans254	item3
trans254	item9
trans254	item11
trans254	item14
trans254	item19
trans254	item29
trans254	item35
trans255	item9
trans255	item14
trans256	item16
trans256	item29
trans257	item9
trans257	item12
trans257	item19
trans257	item35
trans258	item16
trans258	item21
trans258	item31
trans259	item17
trans260	item30
trans261	item17
trans261	item35
trans262	item16
trans262	item25
trans262	item35
trans263	item11
trans263	item14
trans263	item16
trans263	item35
trans264	item35
trans265	item9
trans265	item35
trans265	item38
trans266	item20
trans266	item31
trans266	item33
trans266	item35
trans267	item11
trans267	item29
trans267	item35
trans268	item3
trans268	item12
trans268	item31
trans268	item35
trans269	item9
trans269	item14
trans269	item17
trans269	item23
trans270	item9
trans270	item14
trans270	item17
trans270	item23
trans271	item5
trans271	item6
trans271	item9
trans271	item35
trans271	item36
trans272	item35
trans273	item17
trans274	item3
trans274	item11
trans274	item16
trans274	item21
trans274	item29
trans274	item35
trans275	item14
trans276	item29
trans277	item21
trans277	item31
trans278	item9
trans278	item14
trans278	item17
trans278	item23
trans279	item9
trans279	item16
trans279	item29
trans280	item35
trans281	item3
trans281	item9
trans281	item11
trans281	item16
trans281	item21
trans281	item35
trans281	item38
trans282	item3
trans282	item9
trans282	item14
trans282	item31
trans282	item32
trans283	item21
trans283	item31
trans283	item35
trans284	item35
trans285	item9
trans285	item14
trans285	item17
trans285	item23
trans286	item9
trans286	item16
trans286	item35
trans286	item36
trans287	item3
trans287	item8
trans287	item9
trans287	item14
trans287	item21
trans287	item35
trans287	item38
trans288	item9
trans289	item9
trans289	item12
trans289	item21
trans289	item29
trans289	item35
trans290	item9
trans290	item23
trans290	item29
trans290	item31
trans290	item35
trans291	item21
trans291	item31
trans292	item9
trans292	item14
trans292	item17
trans292	item23
trans293	item35
trans294	item16
trans294	item35
trans295	item7
trans295	item14
trans295	Baju Renang Pria Anak-anak
trans295	Tas Makeup
trans295	item35
trans296	item9
trans296	item14
trans296	item17
trans296	item23
trans297	item9
trans297	item12
trans297	item19
trans297	item35
trans298	item14
trans299	item20
trans299	item31
trans299	item33
trans299	item35
trans300	item21
trans300	item31
trans301	item9
trans301	item16
trans301	item29
trans301	item38
trans302	item9
trans302	item14
trans302	item17
trans302	item23
trans303	item21
trans303	item31
trans304	item9
trans304	item39
trans305	item7
trans305	item8
trans305	item16
trans305	item18
trans306	item16
trans306	item29
trans306	item35
trans307	item16
trans308	item3
trans308	item9
trans308	item14
trans308	item19
trans308	item35
trans309	item31
trans309	item38
trans310	item3
trans310	item9
trans310	item31
trans310	item32
trans311	item3
trans311	item14
trans311	item19
trans311	item35
trans312	item9
trans312	item14
trans312	item27
trans312	item29
trans312	item35
trans313	item3
trans313	item9
trans313	item14
trans313	item31
trans313	item32
trans314	item16
trans314	item20
trans314	item31
trans314	item33
trans314	item35
trans315	item9
trans315	item14
trans315	item20
trans315	item29
trans315	item35
trans316	item16
trans316	item29
trans316	item35
trans317	item8
trans317	item9
trans317	item16
trans317	item29
trans317	item38
trans318	item9
trans318	item14
trans318	item17
trans318	item23
trans319	item9
trans319	item23
trans319	item29
trans319	item31
trans319	item35
trans320	item12
trans320	item19
trans320	item35
trans321	item13
trans321	item14
trans321	item29
trans322	item9
trans322	item35
trans322	item38
trans323	item35
trans324	item9
trans324	item20
trans324	item29
trans324	item31
trans324	item33
trans324	item35
trans325	item9
trans325	item20
trans326	item35
trans327	item16
trans327	item29
trans327	item35
trans328	item14
trans328	item19
trans329	item7
trans329	item8
trans329	item18
trans330	item1
trans330	item37
trans331	item9
trans331	item30
trans332	item14
trans332	item16
trans332	item17
trans332	item18
trans332	item29
trans332	item35
trans333	item9
trans333	item39
trans334	item9
trans335	item11
trans335	item16
trans335	item35
trans336	item20
trans336	item31
trans336	item33
trans336	item35
trans337	item9
trans337	item35
trans338	item16
trans338	item17
trans339	item3
trans339	item12
trans339	item31
trans339	item35
trans340	item1
trans340	item35
trans341	item8
trans341	item9
trans341	item19
trans341	item31
trans341	item35
trans342	item3
trans342	item11
trans342	item12
trans342	item16
trans342	item21
trans342	item29
trans342	item31
trans342	item35
trans343	item11
trans343	item16
trans343	item35
trans344	item21
trans344	item29
trans345	item9
trans345	item12
trans345	item35
trans346	item9
trans346	item14
trans346	item27
trans346	item29
trans346	item35
trans347	item14
trans348	item14
trans348	item17
trans348	item18
trans349	item9
trans349	item14
trans349	item27
trans349	item29
trans349	item35
trans350	item16
trans350	item29
trans351	item35
trans352	item7
trans352	item8
trans352	item16
trans352	item18
trans353	item9
trans353	item35
trans353	item38
trans354	item5
trans354	item6
trans354	item35
trans354	item36
trans355	item31
trans355	item38
trans356	item21
trans356	item31
trans357	item17
trans358	item3
trans358	item8
trans358	item9
trans358	item21
trans358	item38
trans359	item17
trans360	item12
trans360	item31
trans360	item35
trans361	item7
trans361	item8
trans361	item16
trans361	item18
trans362	item16
trans362	item17
trans363	item16
trans363	item29
trans364	item8
trans365	item9
trans365	item30
trans366	item31
trans366	item38
trans367	item20
trans367	item31
trans367	item33
trans367	item35
trans368	item3
trans368	item9
trans368	item14
trans368	item19
trans368	item35
trans369	item16
trans369	item17
trans370	item3
trans370	item6
trans370	item11
trans370	item19
trans371	item20
trans371	item31
trans371	item33
trans371	item35
trans372	item5
trans372	item6
trans372	item9
trans372	item36
trans373	item21
trans373	item31
trans374	item21
trans374	item31
trans374	item35
trans375	item3
trans375	item12
trans375	item31
trans376	item21
trans376	item29
trans377	item11
trans377	item29
trans378	item11
trans378	item29
trans379	item16
trans379	item29
trans380	item16
trans380	item31
trans381	item3
trans381	item11
trans381	item16
trans381	item21
trans381	item29
trans381	item35
trans382	item12
trans382	item31
trans382	item35
trans383	item17
trans384	item9
trans384	item35
trans384	item38
trans385	item6
trans385	item9
trans385	item35
trans385	item36
trans386	item17
trans386	item29
trans387	item9
trans387	item11
trans387	item13
trans387	item29
trans387	item31
trans388	item21
trans388	item31
trans389	item21
trans389	item31
trans390	item9
trans390	item14
trans390	item17
trans390	item23
trans390	item30
trans391	item3
trans391	item12
trans391	item31
trans391	item35
trans392	item14
trans393	item9
trans393	item14
trans393	item27
trans393	item29
trans393	item35
trans394	item21
trans394	item31
trans394	item35
trans395	item9
trans395	item14
trans395	item19
trans395	item35
trans396	item9
trans396	item12
trans396	item35
trans397	item9
trans397	item14
trans397	item17
trans397	item23
trans398	item9
trans398	item29
trans398	item35
trans399	item20
trans399	item31
trans399	item33
trans399	item35
trans400	item3
trans400	item9
trans400	item14
trans400	item19
trans400	item35
trans401	item6
trans401	item9
trans401	item16
trans401	item17
trans401	item19
trans401	item22
trans401	item29
trans402	item21
trans402	item31
trans403	item31
trans404	item25
trans404	item35
trans405	item7
trans405	item18
trans406	item9
trans406	item14
trans406	item27
trans406	item29
trans406	item35
trans407	item9
trans407	item14
trans407	item27
trans407	item29
trans407	item35
trans408	item9
trans408	item29
trans408	item35
trans408	item38
trans409	item5
trans409	item9
trans409	item36
trans410	item35
trans411	item21
trans411	item31
trans412	item9
trans412	item39
trans413	item9
trans413	item14
trans413	item27
trans413	item29
trans413	item35
trans414	item3
trans414	item9
trans414	item14
trans414	item31
trans414	item32
trans415	item17
trans415	item18
trans416	item21
trans416	item31
trans416	item35
trans417	item17
trans417	item33
trans417	item35
trans418	item17
trans419	item21
trans419	item31
trans420	item14
trans420	item16
trans420	item35
trans421	item16
trans421	item29
trans422	item14
trans422	item31
trans422	item35
trans423	item8
trans423	item9
trans423	item16
trans423	item29
trans423	item38
trans424	item9
trans424	item12
trans424	item35
trans425	item14
trans426	item14
trans426	item17
trans426	item18
trans427	item31
trans427	item38
trans428	item16
trans429	item3
trans429	item9
trans429	item14
trans430	item9
trans430	item14
trans430	item31
trans430	item32
trans431	item9
trans431	item14
trans431	item17
trans431	item23
trans432	item8
trans432	item9
trans432	item16
trans432	item29
trans432	item38
trans433	item9
trans433	item21
trans433	item31
trans433	item35
trans433	item39
trans434	item14
trans434	item31
trans435	item9
trans435	item19
trans435	item35
trans436	item9
trans436	item12
trans436	item19
trans436	item35
trans437	item3
trans437	item12
trans437	item31
trans437	item35
trans438	item9
trans438	item20
trans439	item14
trans440	item5
trans440	item6
trans440	item9
trans440	item31
trans440	item35
trans440	item36
trans441	item1
trans441	item37
trans442	item3
trans442	item12
trans442	item26
trans442	item38
trans443	item20
trans443	item31
trans443	item33
trans443	item35
trans444	item8
trans444	item9
trans444	item19
trans444	item31
trans444	item35
trans445	item7
trans445	item8
trans445	item16
trans445	item18
trans446	item9
trans446	item35
trans446	item38
trans447	item20
trans447	item31
trans447	item33
trans447	item35
trans448	item3
trans448	item11
trans448	item16
trans448	item21
trans448	item29
trans448	item35
trans449	item16
trans449	item29
trans449	item35
trans450	item3
trans450	item9
trans450	item14
trans450	item19
trans450	item35
trans451	item9
trans451	item14
trans451	item27
trans451	item29
trans451	item35
trans452	item3
trans452	item9
trans452	item14
trans452	item19
trans452	item35
trans453	item35
trans454	item14
trans455	item7
trans455	item14
trans455	Baju Renang Pria Anak-anak
trans455	Tas Makeup
trans455	item35
trans456	item9
trans457	item19
trans457	item31
trans458	item3
trans458	item12
trans458	item31
trans458	item35
trans459	item35
trans460	item9
trans460	item12
trans460	item17
trans460	item35
trans461	item9
trans461	item14
trans461	item27
trans461	item29
trans461	item35
trans462	item9
trans462	item16
trans462	item31
trans462	item35
trans462	item38
trans463	item3
trans463	item9
trans463	item14
trans463	item31
trans463	item32
trans464	item12
trans464	item31
trans464	item35
trans465	item7
trans465	item14
trans465	Baju Renang Pria Anak-anak
trans465	Tas Makeup
trans465	item35
trans466	item9
trans466	item14
trans466	item17
trans466	item23
trans467	item5
trans467	item6
trans467	item9
trans467	item35
trans467	item36
trans468	item20
trans468	item31
trans468	item33
trans468	item35
trans469	item9
trans469	item20
trans469	item31
trans469	item33
trans469	item35
trans470	item3
trans470	item9
trans470	item14
trans470	item19
trans470	item35
trans471	item17
trans472	item9
trans472	item16
trans472	item20
trans472	item29
trans472	item31
trans473	item20
trans473	item31
trans473	item33
trans473	item35
trans474	item9
trans474	item13
trans474	item31
trans475	item29
trans475	item35
trans476	item21
trans476	item31
trans477	item20
trans477	item31
trans477	item33
trans477	item35
trans478	item7
trans478	item14
trans478	Baju Renang Pria Anak-anak
trans478	Tas Makeup
trans478	item35
trans479	item7
trans479	item14
trans479	Baju Renang Pria Anak-anak
trans479	Tas Makeup
trans479	item35
trans480	item20
trans480	item31
trans480	item33
trans480	item35
trans481	item9
trans481	item29
trans482	item3
trans482	item9
trans482	item14
trans482	item16
trans482	item17
trans482	item29
trans482	item31
trans482	item35
trans483	item29
trans483	item30
trans484	item20
trans484	item31
trans484	item33
trans484	item35
trans485	item14
trans485	item17
trans485	item18
trans486	item8
trans486	item9
trans486	item16
trans486	item29
trans487	item9
trans487	item14
trans487	item17
trans487	item23
trans488	item14
trans488	item18
trans489	item9
trans489	item14
trans489	item29
trans489	item35
trans490	item12
trans490	item31
trans490	item35
trans491	item9
trans491	item35
trans491	item38
trans492	item20
trans492	item31
trans492	item33
trans492	item35
trans493	item21
trans493	item31
trans494	item3
trans494	item12
trans494	item26
trans494	item38
trans495	item21
trans495	item31
trans496	item11
trans496	item29
trans497	item21
trans497	item31
trans498	item20
trans498	item31
trans498	item33
trans498	item35
trans499	item9
trans499	item12
trans499	item19
trans499	item35
trans500	item16
trans500	item29
trans501	item9
trans501	item14
trans501	item29
trans501	item35
trans502	item3
trans502	item11
trans502	item16
trans502	item21
trans502	item29
trans502	item35
trans503	item9
trans503	item14
trans503	item27
trans503	item29
trans503	item35
trans504	item19
trans504	item35
trans505	item20
trans505	item31
trans505	item33
trans505	item35
trans506	item9
trans506	item14
trans506	item17
trans506	item23
trans507	item16
trans507	item17
trans508	item9
trans508	item16
trans508	item35
trans508	item38
trans509	item9
trans509	item12
trans509	item35
trans510	item9
trans510	item12
trans510	item19
trans511	item14
trans511	item29
trans511	item35
trans512	item20
trans512	item31
trans512	item33
trans512	item35
trans513	item6
trans513	item16
trans513	item17
trans513	item19
trans513	item22
trans514	item17
trans514	item33
trans515	item8
trans515	item9
trans515	item16
trans515	item29
trans515	item38
trans516	item21
trans516	item31
trans517	item33
trans517	item35
trans518	item16
trans518	item29
trans518	item35
trans519	item17
trans520	item12
trans520	item19
trans521	item14
trans521	item19
trans522	item21
trans522	item31
trans522	item35
trans523	item16
trans524	item17
trans524	item30
trans524	item33
trans525	item17
trans526	item9
trans526	item14
trans526	item27
trans526	item29
trans526	item35
trans527	item9
trans527	item16
trans527	item31
trans527	item38
trans528	item14
trans528	item20
trans529	item8
trans529	item9
trans529	item16
trans529	item29
trans529	item38
trans530	item14
trans531	item35
trans532	item16
trans532	item29
trans532	item35
trans533	item9
trans533	item14
trans533	item17
trans533	item23
trans534	item9
trans534	item14
trans534	item17
trans534	item23
trans535	item35
trans536	item3
trans536	item12
trans536	item31
trans536	item35
trans537	item11
trans537	item29
trans538	item20
trans538	item31
trans538	item33
trans538	item35
trans539	item8
trans539	item9
trans539	item16
trans539	item29
trans539	item38
trans540	item9
trans540	item12
trans540	item35
trans541	item9
trans542	item9
trans543	item1
trans544	item3
trans544	item9
trans544	item14
trans544	item31
trans544	item32
trans545	item3
trans545	item9
trans545	item14
trans545	item16
trans545	item31
trans545	item32
trans546	item35
trans547	item20
trans547	item31
trans547	item33
trans547	item35
trans548	item3
trans548	item8
trans548	item9
trans548	item14
trans548	item21
trans548	item38
trans549	item9
trans549	item14
trans549	item27
trans549	item29
trans549	item35
trans550	item7
trans550	item14
trans550	Baju Renang Pria Anak-anak
trans550	Tas Makeup
trans550	item35
trans551	item9
trans551	item20
trans551	item29
trans551	item31
trans551	item33
trans551	item35
trans552	item9
trans552	item14
trans552	item35
trans553	item11
trans553	item29
trans554	item11
trans554	item29
trans555	item14
trans556	item20
trans556	item31
trans556	item33
trans556	item35
trans557	item3
trans557	item19
trans557	item21
trans557	item25
trans557	item29
trans557	item35
trans558	item9
trans558	item14
trans558	item27
trans558	item29
trans558	item35
trans559	item5
trans559	item6
trans559	item9
trans559	item35
trans559	item36
trans560	item14
trans560	item17
trans561	item9
trans561	item29
trans562	item16
trans562	item29
trans562	item35
trans563	item9
trans563	item30
trans564	item20
trans564	item31
trans564	item33
trans564	item35
trans565	item17
trans565	item26
trans565	item33
trans565	item35
trans566	item12
trans566	item35
trans567	item17
trans568	item9
trans568	item35
trans568	item38
trans569	item35
trans570	item35
trans571	item17
trans571	item20
trans571	item31
trans571	item33
trans571	item35
trans572	item20
trans572	item31
trans572	item33
trans572	item35
trans573	item35
trans574	item25
trans574	item35
trans575	item9
trans575	item17
trans575	item23
trans576	item12
trans576	item31
trans576	item35
trans577	item21
trans577	item31
trans578	item9
trans578	item12
trans578	item16
trans578	item29
trans578	item35
trans579	item7
trans579	item8
trans579	item16
trans579	item18
trans580	item31
trans581	item16
trans581	item29
trans582	item35
trans583	item14
trans583	item17
trans583	item18
trans584	item9
trans584	item29
trans585	item3
trans585	item16
trans585	item31
trans585	item35
trans586	item21
trans587	item21
trans587	item31
trans588	item9
trans588	item35
trans588	item38
trans589	item16
trans589	item29
trans589	item35
trans590	item5
trans590	item6
trans590	item9
trans590	item35
trans590	item36
trans591	item9
trans591	item35
trans591	item38
trans592	item11
trans592	item35
trans593	item31
trans594	item5
trans594	Baju Renang Pria Anak-anak
trans594	item16
trans594	item29
trans595	item3
trans595	item12
trans595	item31
trans595	item35
trans596	item16
trans596	item29
trans596	item35
trans597	item35
trans598	item35
trans599	item20
trans599	item31
trans599	item33
trans599	item35
trans600	item16
trans600	item17
trans601	item21
trans601	item31
trans602	item3
trans602	item12
trans602	item31
trans602	item35
trans603	item9
trans603	item35
trans603	item38
trans604	item29
trans605	item9
trans605	item35
trans605	item38
trans606	item9
trans606	item13
trans606	item31
trans607	item9
trans607	item16
trans607	item31
trans607	item38
trans608	item9
trans608	item35
trans608	item38
trans609	item9
trans609	item14
trans609	item29
trans610	item16
trans611	item6
trans611	item9
trans611	item35
trans611	item36
trans612	item20
trans612	item31
trans612	item33
trans612	item35
trans613	item3
trans613	item9
trans613	item14
trans613	item20
trans613	item31
trans613	item32
trans614	item21
trans614	item31
trans615	item9
trans615	item16
trans615	item31
trans615	item38
trans616	item21
trans616	item31
trans617	item9
trans617	item23
trans617	item29
trans617	item31
trans617	item35
trans618	item9
trans618	item23
trans618	item29
trans618	item31
trans618	item35
trans619	item14
trans619	item35
trans620	item20
trans620	item31
trans620	item33
trans620	item35
trans621	item9
trans621	item14
trans621	item17
trans621	item23
trans622	item5
trans622	item6
trans622	item9
trans622	item35
trans622	item36
trans623	item9
trans623	item16
trans623	item29
trans623	item35
trans623	item38
trans624	item12
trans624	item31
trans624	item35
trans625	item21
trans625	item31
trans626	item9
trans626	item14
trans626	item19
trans626	item35
trans627	item29
trans628	item9
trans628	item12
trans628	item35
trans629	item14
trans629	item16
trans629	item29
trans629	item35
trans630	item9
trans630	item14
trans630	item29
trans630	item35
trans631	item3
trans631	item12
trans631	item31
trans631	item35
trans632	item26
trans632	item33
trans633	item11
trans633	item29
trans634	item9
trans634	item12
trans634	item35
trans635	item12
trans635	item31
trans635	item35
trans636	item9
trans636	item30
trans637	item9
trans637	item16
trans637	item29
trans637	item38
trans638	item5
trans638	item6
trans638	item9
trans638	item35
trans638	item36
trans639	item3
trans639	item9
trans639	item19
trans639	item21
trans639	item25
trans639	item29
trans639	item35
trans640	item13
trans640	item14
trans640	item29
trans640	item31
trans641	item3
trans641	item8
trans641	item9
trans641	item14
trans641	item21
trans641	item38
trans642	item9
trans642	item16
trans642	item31
trans642	item38
trans643	item14
trans643	item17
trans644	item16
trans645	item9
trans645	item14
trans645	item17
trans645	item23
trans645	item31
trans646	item9
trans646	item35
trans646	item38
trans647	item7
trans647	item8
trans648	item9
trans648	item20
trans649	item21
trans649	item31
trans650	item3
trans650	item9
trans650	item14
trans650	item19
trans650	item35
trans651	item3
trans651	item9
trans651	item14
trans651	item31
trans651	item32
trans652	item3
trans652	item9
trans652	item14
trans652	item21
trans653	item13
trans653	item14
trans653	item29
trans654	item3
trans654	item9
trans654	item19
trans655	item21
trans655	item31
trans655	item35
trans656	item12
trans656	item31
trans657	item1
trans657	item20
trans657	item31
trans657	item33
trans657	item35
trans658	item3
trans658	item9
trans658	item14
trans658	item19
trans658	item35
trans659	item9
trans659	item31
trans660	item35
trans661	item9
trans661	item21
trans661	item31
trans661	item35
trans661	item38
trans662	item21
trans662	item31
trans663	item35
trans664	item23
trans664	item29
trans664	item35
trans665	item35
trans666	item20
trans666	item31
trans666	item33
trans666	item35
trans667	item12
trans667	item35
trans668	item21
trans668	item31
trans669	item8
trans669	item11
trans669	item14
trans669	item19
trans669	item20
trans669	item29
trans670	item3
trans670	item9
trans670	item14
trans670	item19
trans671	item14
trans671	item16
trans671	item35
trans672	item9
trans672	item12
trans672	item35
trans673	item6
trans673	item7
trans673	item9
trans673	item18
trans674	item3
trans674	item9
trans674	item21
trans674	item25
trans674	item35
trans675	item9
trans675	item14
trans675	item27
trans675	item29
trans675	item35
trans676	item9
trans676	item12
trans676	item35
trans677	item20
trans677	item31
trans677	item33
trans677	item35
trans677	item38
trans678	item3
trans678	item6
trans678	item11
trans678	item19
trans679	item23
trans679	item29
trans679	item35
trans680	item29
trans681	item20
trans681	item31
trans681	item33
trans681	item35
trans682	item21
trans682	item35
trans683	item14
trans683	item17
trans683	item18
trans684	item3
trans684	item9
trans684	item14
trans684	item31
trans684	item32
trans685	item16
trans685	item29
trans686	item11
trans686	item29
trans687	item9
trans687	item35
trans687	item38
trans688	item9
trans688	item35
trans688	item38
trans689	item9
trans690	item9
trans690	item17
trans690	item23
trans691	item9
trans691	item14
trans691	item29
trans691	item35
trans692	item3
trans692	item9
trans692	item14
trans692	item19
trans692	item35
trans693	item9
trans693	item14
trans693	item27
trans693	item29
trans693	item35
trans694	item9
trans694	item39
trans695	item3
trans695	item9
trans695	item14
trans695	item31
trans695	item32
trans696	item9
trans696	item13
trans696	item39
trans697	item16
trans697	item29
trans697	item35
trans698	item21
trans698	item31
trans699	item5
trans699	item6
trans699	item9
trans699	item35
trans699	item36
trans700	item3
trans700	item9
trans700	item14
trans700	item31
trans700	item32
trans701	item11
trans701	item29
trans702	item16
trans702	item29
trans702	item35
trans703	item3
trans703	item9
trans703	item14
trans703	item19
trans703	item35
trans704	item9
trans704	item14
trans704	item27
trans704	item29
trans704	item35
trans705	item9
trans705	item29
trans706	item16
trans706	item20
trans706	item21
trans706	item31
trans707	item9
trans707	item14
trans707	item27
trans707	item29
trans707	item35
trans708	item9
trans708	item14
trans708	item27
trans708	item29
trans708	item35
trans709	item9
trans709	item35
trans709	item39
trans710	item11
trans710	item14
trans710	item16
trans710	item35
trans711	item3
trans711	item9
trans711	item14
trans711	item31
trans712	item11
trans712	item29
trans713	item9
trans713	item14
trans713	item17
trans713	item23
trans714	item3
trans714	item9
trans714	item14
trans714	item31
trans714	item32
trans715	item14
trans716	item35
trans717	item9
trans717	item35
trans717	item38
trans718	item21
trans718	item31
trans718	item35
trans719	item9
trans719	item16
trans719	item31
trans719	item38
trans720	item12
trans720	item31
trans720	item35
trans721	item7
trans721	item8
trans721	item17
trans721	item18
trans721	item26
trans722	item3
trans722	item9
trans722	item14
trans722	item31
trans723	item31
trans723	item38
trans724	item9
trans724	item14
trans724	item29
trans724	item35
trans725	item20
trans725	item31
trans725	item33
trans725	item35
trans726	item7
trans726	item14
trans726	Baju Renang Pria Anak-anak
trans726	Tas Makeup
trans726	item35
trans726	item36
trans727	item31
trans728	item14
trans728	item18
trans728	item27
trans728	item35
trans729	item3
trans729	item12
trans729	item26
trans729	item38
trans730	item9
trans730	item14
trans730	item27
trans730	item29
trans730	item35
trans731	item9
trans731	item14
trans732	item8
trans732	item9
trans732	item16
trans732	item29
trans732	item38
trans733	item35
trans734	item3
trans734	item14
trans734	item31
trans734	item32
trans735	item9
trans735	item14
trans735	item27
trans735	item29
trans735	item35
trans736	item9
trans736	item14
trans736	item17
trans736	item23
trans737	item6
trans738	item3
trans738	item9
trans738	item14
trans738	item19
trans738	item35
trans738	item38
trans739	item9
trans739	item14
trans739	item17
trans739	item27
trans739	item29
trans739	item35
trans740	item9
trans740	item14
trans740	item29
trans740	item35
trans741	item14
trans741	item17
trans742	item3
trans742	item12
trans742	item26
trans742	item38
trans743	item3
trans743	item9
trans743	item14
trans743	item19
trans743	item35
trans744	item3
trans744	item9
trans744	item14
trans744	item19
trans744	item35
trans745	item20
trans745	item31
trans745	item33
trans745	item35
trans746	item8
trans746	item14
trans746	item19
trans746	item20
trans747	item9
trans747	item12
trans747	item35
trans748	item3
trans748	item11
trans748	item16
trans748	item21
trans748	item29
trans748	item35
trans749	item9
trans749	item14
trans749	item17
trans749	item23
trans750	item21
trans750	item31
trans751	item7
trans751	item8
trans751	item16
trans751	item18
trans751	item31
trans752	item7
trans752	item8
trans752	item16
trans752	item18
trans753	item11
trans753	item14
trans753	item16
trans753	item35
trans754	item7
trans754	item8
trans754	item16
trans754	item18
trans755	item11
trans755	item29
trans756	item21
trans756	item31
trans757	item9
trans757	item14
trans757	item17
trans757	item23
trans758	item38
trans759	item21
trans759	item31
trans760	item3
trans760	item9
trans760	item14
trans760	item19
trans760	item35
trans761	item9
trans761	item35
trans761	item38
trans762	item17
trans762	item31
trans762	item38
trans763	item9
trans763	item30
trans764	item16
trans764	item29
trans765	item9
trans765	item14
trans765	item16
trans765	item20
trans766	item9
trans766	item14
trans766	item27
trans766	item29
trans766	item35
trans767	item16
trans767	item17
trans768	item9
trans768	item14
trans769	item21
trans769	item35
trans770	item20
trans770	item31
trans770	item33
trans770	item35
trans771	item9
trans771	item16
trans771	item31
trans771	item38
trans772	item21
trans772	item31
trans772	item35
trans773	item21
trans773	item31
trans774	item3
trans774	item9
trans774	item14
trans774	item17
trans774	item18
trans774	item19
trans774	item35
trans775	item9
trans775	item14
trans775	item27
trans775	item29
trans775	item35
trans776	item6
trans776	item9
trans776	item35
trans776	item36
trans777	item21
trans777	item31
trans778	item3
trans778	item9
trans778	item14
trans778	item31
trans778	item32
trans779	item9
trans779	item14
trans779	item17
trans779	item23
trans780	item3
trans780	item9
trans780	item14
trans780	item19
trans780	item35
trans781	item29
trans782	item14
trans782	item31
trans782	item35
trans783	item7
trans783	item8
trans783	item16
trans783	item18
trans784	item9
trans784	item35
trans784	item38
trans785	item21
trans785	item31
trans786	item9
trans786	item35
trans786	item39
trans787	item5
trans787	item6
trans787	item9
trans787	item35
trans787	item36
trans788	item38
trans789	item7
trans789	item8
trans789	item18
trans790	item9
trans790	item14
trans790	item27
trans790	item29
trans790	item35
trans791	item14
trans791	item17
trans791	item18
trans792	item9
trans792	item21
trans792	item31
trans792	item35
trans792	item38
trans793	item6
trans793	item9
trans793	item36
trans794	item9
trans794	item14
trans795	item35
trans796	item16
trans796	item29
trans797	item8
trans797	item9
trans797	item16
trans797	item29
trans797	item38
trans798	item35
trans799	item9
trans799	item35
trans799	item38
trans800	item9
trans800	item14
trans800	item29
trans800	item30
trans801	item3
trans801	item9
trans801	item14
trans801	item31
trans801	item32
trans802	item16
trans802	item25
trans802	item35
trans803	item9
trans803	item16
trans803	item31
trans803	item38
trans804	item8
trans804	item9
trans804	item19
trans804	item31
trans804	item35
trans805	item11
trans805	item29
trans806	item21
trans806	item31
trans807	item20
trans807	item31
trans807	item33
trans807	item35
trans808	item16
trans808	item29
trans809	item14
trans809	item35
trans810	item7
trans810	item8
trans810	item16
trans810	item18
trans811	item9
trans811	item29
trans812	item14
trans812	item16
trans812	item29
trans812	item35
trans813	item29
trans814	item9
trans814	item35
trans814	item38
trans815	item21
trans815	item31
trans816	item9
trans816	item17
trans816	item35
trans816	item38
trans817	item21
trans817	item31
trans818	item21
trans818	item31
trans819	item7
trans819	item8
trans819	item18
trans820	item7
trans820	item18
trans821	item29
trans822	item11
trans822	item16
trans822	item29
trans823	item17
trans823	item35
trans824	item11
trans824	item29
trans825	item9
trans825	item12
trans825	item14
trans825	item17
trans825	item23
trans826	item7
trans826	item8
trans826	item14
trans826	item16
trans826	item18
trans827	item9
trans827	item14
trans827	item27
trans827	item29
trans827	item35
trans828	item21
trans828	item35
trans829	item9
trans829	item14
trans829	item27
trans829	item29
trans829	item35
trans830	item3
trans830	item8
trans830	item9
trans830	item14
trans830	item21
trans831	item9
trans831	item16
trans831	item31
trans831	item38
trans832	item16
trans832	item29
trans832	item35
trans833	item31
trans833	item35
trans834	item7
trans834	item14
trans834	Baju Renang Pria Anak-anak
trans834	Tas Makeup
trans834	item35
trans835	item21
trans835	item31
trans836	item14
trans836	item17
trans836	item18
trans837	item9
trans837	item29
trans838	item16
trans838	item17
trans839	item12
trans839	item31
trans839	item35
trans840	item3
trans840	item12
trans840	item16
trans840	item29
trans840	item31
trans840	item35
trans841	item9
trans841	item14
trans841	item19
trans841	item35
trans842	item9
trans842	item14
trans842	item17
trans842	item23
trans843	item14
trans844	item9
trans844	item35
trans844	item38
trans845	item9
trans845	item16
trans845	item31
trans845	item38
trans846	item3
trans846	item9
trans846	item14
trans846	item31
trans846	item32
trans847	item3
trans847	item12
trans848	item9
trans848	item20
trans849	item9
trans849	item12
trans849	item19
trans849	item35
trans850	item21
trans850	item31
trans850	item35
trans851	item9
trans851	item35
trans851	item38
trans852	item8
trans852	item9
trans852	item16
trans852	item29
trans852	item38
trans853	item7
trans853	item9
trans853	item14
trans853	Baju Renang Pria Anak-anak
trans853	Tas Makeup
trans853	item35
trans854	item9
trans854	item35
trans855	item21
trans855	item31
trans856	item31
trans856	item38
trans857	item20
trans857	item31
trans857	item33
trans857	item35
trans858	item14
trans858	item27
trans858	item29
trans858	item35
trans859	item9
trans859	item35
trans859	item38
trans860	item9
trans860	item35
trans860	item38
trans861	item3
trans861	item12
trans861	item31
trans861	item35
trans862	item9
trans862	item29
trans863	item9
trans863	item14
trans863	item17
trans863	item23
trans864	item7
trans864	item8
trans864	item9
trans864	item16
trans864	item18
trans864	item35
trans864	item39
trans865	item35
trans866	item3
trans866	item6
trans866	item11
trans866	item19
trans867	item3
trans867	item14
trans867	item31
trans867	item32
trans868	item35
trans869	item20
trans869	item31
trans869	item33
trans869	item35
trans870	item29
trans871	item1
trans871	item35
trans872	item9
trans872	item14
trans872	item17
trans872	item23
trans873	item7
trans873	item14
trans873	Baju Renang Pria Anak-anak
trans873	Tas Makeup
trans873	item35
trans874	item9
trans874	item35
trans874	item38
trans875	item16
trans875	item29
trans876	item7
trans876	item8
trans876	item16
trans876	item18
trans877	item17
trans877	item26
trans877	item33
trans877	item35
trans878	item17
trans878	item26
trans878	item33
trans879	item9
trans879	item16
trans879	item20
trans879	item29
trans879	item35
trans880	item6
trans880	item9
trans880	item35
trans880	item36
trans880	item39
trans881	item3
trans881	item14
trans881	item19
trans881	item35
trans882	item3
trans882	item9
trans882	item11
trans882	item16
trans882	item21
trans882	item29
trans882	item35
trans883	item9
trans883	item35
trans883	item38
trans884	item9
trans884	item14
trans884	item17
trans884	item23
trans885	item19
trans885	item31
trans886	item14
trans886	item17
trans886	item18
trans887	item3
trans887	item8
trans887	item9
trans887	item14
trans887	item21
trans887	item38
trans888	item8
trans888	item9
trans888	item19
trans888	item31
trans888	item35
trans889	item16
trans889	item29
trans890	item7
trans890	item14
trans890	Baju Renang Pria Anak-anak
trans890	Tas Makeup
trans890	item35
trans891	item7
trans891	item18
trans892	item9
trans892	item14
trans893	item3
trans893	item12
trans893	item31
trans893	item35
trans894	item9
trans894	item14
trans894	item17
trans894	item23
trans895	item9
trans895	item14
trans895	item17
trans895	item23
trans896	item14
trans896	item19
trans896	item20
trans897	item31
trans897	item35
trans898	item3
trans898	item16
trans898	item21
trans898	item29
trans898	item35
trans899	item9
trans899	item14
trans899	item17
trans899	item23
trans900	item12
trans900	item31
trans900	item35
trans901	item9
trans901	item39
trans902	item9
trans902	item21
trans902	item38
trans903	item9
trans903	item19
trans903	item35
trans903	item38
trans904	item17
trans904	item30
trans904	item33
trans905	item21
trans905	item31
trans906	item9
trans906	item11
trans906	item29
trans907	item9
trans907	item29
trans908	item16
trans909	item17
trans909	item26
trans909	item33
trans909	item35
trans910	item21
trans910	item31
trans911	item3
trans911	item9
trans911	item14
trans911	item31
trans911	item32
trans911	item35
trans912	item14
trans913	item12
trans913	item31
trans913	item35
trans914	item9
trans914	item30
trans915	item3
trans915	item9
trans915	item14
trans915	item19
trans915	item35
trans916	item9
trans916	item35
trans916	item38
trans917	item35
trans918	item9
trans918	item14
trans918	item29
trans919	item9
trans919	item16
trans919	item29
trans920	item20
trans920	item31
trans920	item33
trans920	item35
trans921	item9
trans921	item14
trans921	item19
trans921	item35
trans922	item9
trans922	item16
trans922	item31
trans922	item38
trans923	item3
trans923	item11
trans923	item16
trans923	item21
trans923	item29
trans923	item35
trans924	item35
trans925	item17
trans925	item18
trans926	item9
trans926	item14
trans926	item17
trans926	item23
trans927	item16
trans928	item9
trans928	item35
trans929	item14
trans930	item9
trans930	item14
trans930	item17
trans930	item23
trans931	item21
trans931	item31
trans931	item35
trans932	item8
trans932	item9
trans932	item16
trans932	item29
trans932	item38
trans933	item20
trans934	item16
trans934	item17
trans935	item35
trans936	item9
trans936	item35
trans936	item38
trans937	item9
trans937	item35
trans937	item38
trans938	item9
trans938	item17
trans938	item23
trans939	item8
trans939	item9
trans939	item16
trans939	item29
trans939	item38
trans940	item9
trans940	item14
trans940	item27
trans940	item29
trans940	item35
trans941	item9
trans941	item14
trans941	item17
trans941	item23
trans941	item35
trans942	item17
trans942	item30
trans942	item33
trans943	item3
trans943	item14
trans943	item19
trans943	item35
trans944	item3
trans944	item9
trans944	item14
trans944	item19
trans944	item35
trans945	item9
trans945	item35
trans945	item38
trans946	item21
trans946	item31
trans946	item35
trans947	item3
trans947	item9
trans947	item14
trans947	item19
trans947	item35
trans948	item9
trans948	item23
trans948	item29
trans948	item31
trans948	item35
trans949	item9
trans949	item35
trans949	item38
trans950	item20
trans950	item31
trans950	item33
trans950	item35
trans951	item9
trans951	item35
trans951	item38
trans952	item6
trans952	item16
trans952	item17
trans952	item19
trans952	item22
trans953	item18
trans954	item3
trans954	item9
trans954	item14
trans954	item31
trans954	item32
trans955	item1
trans956	item8
trans956	item9
trans956	item16
trans956	item29
trans956	item38
trans957	item9
trans957	item21
trans957	item25
trans957	item35
trans958	item21
trans958	item31
trans959	item21
trans959	item31
trans960	item9
trans960	item13
trans960	item31
trans961	item35
trans962	item11
trans962	item16
trans962	item29
trans963	item20
trans963	item31
trans963	item33
trans963	item35
trans964	item16
trans964	item29
trans965	item16
trans966	item9
trans966	item35
trans966	item38
trans967	item11
trans967	item29
trans968	item11
trans968	item29
trans969	item9
trans969	item12
trans969	item35
trans970	item21
trans970	item31
trans971	item3
trans971	item8
trans971	item9
trans971	item14
trans971	item21
trans971	item38
trans972	item35
trans973	item21
trans973	item31
trans974	item9
trans974	item16
trans974	item23
trans974	item29
trans974	item31
trans974	item35
trans975	item3
trans975	item9
trans975	item14
trans975	item31
trans975	item32
trans976	item9
trans976	item16
trans976	item31
trans976	item38
trans977	item21
trans977	item31
trans978	item17
trans978	item35
trans979	item3
trans979	item11
trans979	item16
trans979	item21
trans979	item29
trans979	item35
trans980	item9
trans980	item14
trans980	item17
trans980	item23
trans981	item14
trans981	item35
trans982	item3
trans982	item11
trans982	item16
trans982	item21
trans982	item29
trans982	item35
trans983	item3
trans983	item9
trans983	item14
trans983	item31
trans983	item32
trans983	item35
trans984	item35
trans985	item3
trans985	item9
trans985	item14
trans985	item19
trans985	item35
trans986	item9
trans986	item14
trans986	item17
trans986	item23
trans987	item31
trans987	item38
trans988	item3
trans988	item9
trans988	item14
trans988	item19
trans988	item35
trans989	item3
trans989	item9
trans989	item31
trans989	item39
trans990	item21
trans990	item31
trans991	item21
trans991	item31
trans992	item14
trans993	item16
trans993	item21
trans993	item31
trans994	item9
trans994	item29
trans995	item9
trans995	item14
trans995	item17
trans995	item23
trans996	item3
trans996	item9
trans996	item31
trans997	item20
trans997	item31
trans997	item33
trans997	item35
trans998	item14
trans998	item17
trans998	item18
trans999	item3
trans999	item9
trans999	item14
trans999	item31
trans999	item32
trans1000	item21
trans1000	item31
trans1000	item35
